	Unnamed: 0	Unnamed: 0.1	imageId	label	clipScore	Bleu_1	Bleu_2	Bleu_3	Bleu_4	METEOR	ROUGE_L	CIDEr	SPICE
0	0	0	177262	0	0.6689	0.555555555432099	0.3726779961645597	2.707217535406252e-06	7.583235671536399e-09	0.1616071588876965	0.4911433172302737	0.3892712528935808	0.303030303030303
1	1	1	388677	0	0.7363	0.7999999998400004	0.6666666665296299	0.381571414103537	5.30771216990612e-05	0.2749177910919859	0.6376306620209059	2.0703297712022546	0.1875
2	2	2	569976	0	0.626	0.4971329536752872	0.408436399207852	2.7730985154093176e-06	7.509697190191198e-09	0.0997176904265543	0.2085470085470085	0.072839893508337	0.1818181818181818
