	Unnamed: 0	Unnamed: 0.1	imageId	label	clipScore	Bleu_1	Bleu_2	Bleu_3	Bleu_4	METEOR	ROUGE_L	CIDEr	SPICE
0	0	0	209048	0	0.7026	0.6666666665185187	0.4082482903703063	2.8768479126408824e-06	7.936880924121685e-09	0.1932340806616524	0.417094017094017	1.2147696747409091	0.1666666666666666
1	1	1	466986	0	0.666	0.5714285713877553	0.3631365195743456	2.2232392575344907e-06	5.622008276136972e-09	0.1835261483796076	0.3620178041543027	0.2439477382014888	0.2307692307692307
2	2	2	85390	20	0.7075	0.7238699342839938	0.6032249452333104	0.4350004590279064	0.3211703273381943	0.2565055981577872	0.56656346749226	0.5813210631638692	0.1935483870967741
3	3	3	187001	0	0.6709	0.814353676069493	0.8093111899591617	0.7631694349970024	0.6923869155188577	0.4354752848507867	0.8049853372434018	2.2168131126086017	0.0666666666666666
4	4	4	250344	0	0.7715	0.5366925751109899	0.4737572287852701	0.3956828699671302	0.2820992994820828	0.2850516692773587	0.5	1.3310801564636896	0.3636363636363636
5	5	5	396691	1	0.7773	0.6618726767729786	0.5003287149469438	0.3326781406642599	5.048984012149016e-05	0.1999858470702156	0.349236641221374	0.2962608857204054	0.1333333333333333
6	6	6	479612	0	0.7451	0.9999999999000002	0.8819171035951058	0.8355496557338185	0.8034284188484477	0.5430106152849822	0.9564459930313588	1.8994176569438248	0.0666666666666666
