	Unnamed: 0	image_id	Bleu_1	Bleu_2	Bleu_3	Bleu_4	METEOR	ROUGE_L	CIDEr	SPICE	CLIPScore	RefCLIPScore	label	newCLIPScore
0	4304	212058	0.636363636247934	0.4369314486712234	0.2768182380057799	4.035278636666363e-05	0.2359286422297508	0.5176803394625177	2.0150038720521644	0.2	0.6514	0.72	0	0.79150390625
1	4817	569976	0.363636363570248	0.2696799449350384	2.0067114593115226e-06	5.637560314144947e-09	0.1093923173995102	0.1921259842519685	0.0377893507640876	0.125	0.6343	0.729	0	0.626953125
