	Unnamed: 0	image_id	Bleu_1	Bleu_2	Bleu_3	Bleu_4	METEOR	ROUGE_L	CIDEr	SPICE	CLIPScore	RefCLIPScore	label	newCLIPScore
0	467	437789	0.6666666665925927	0.4999999999409723	0.3293168779625747	4.939382736441597e-05	0.2140816412424988	0.4756335282651072	0.9691328197727443	0.08	0.7656	0.8457	0	0.67919921875
1	885	209048	0.8749999997812503	0.6123724355372341	3.968502628849637e-06	1.0573712631406612e-08	0.2763310843985341	0.5446428571428571	1.5905842775190848	0.25	0.806	0.882	0	0.705078125
2	1354	466986	0.6363636363057852	0.3567530339722843	2.418230050265566e-06	6.484115070705435e-09	0.1987407513540829	0.4073455759599332	0.3305549785752733	0.2307692307692307	0.7725	0.8696	0	0.494140625
3	1602	85390	0.7499999999375001	0.522232967821596	0.3792447013357651	0.2790159393317029	0.2797981229005299	0.5603674540682415	0.6052989106517834	0.2424242424242424	0.749	0.8364	5	0.7744140625
4	1848	187001	0.814353676069493	0.8093111899591617	0.7631694349970024	0.6923869155188577	0.4354752848507867	0.8049853372434018	2.2168131126086017	0.0	0.6777	0.7324	0	0.6708984375
5	4681	479612	0.9999999997777782	0.9999999997708338	0.9999999997625664	0.9999999997524806	1.0	1.0	2.635019693501452	0.0689655172413793	0.61	0.641	0	0.73193359375
