	Unnamed: 0	image_id	Bleu_1	Bleu_2	Bleu_3	Bleu_4	METEOR	ROUGE_L	CIDEr	SPICE	CLIPScore	RefCLIPScore	label	newCLIPScore
0	390	157102	0.8433740466029842	0.5311878903621082	0.3730597315797843	0.2699139625136624	0.2343510732677545	0.5	1.167269048017067	0.2962962962962963	0.766	0.8315	0	0.72998046875
1	1847	379475	0.999999999818182	0.7071067810547688	0.480749856677033	0.3432945239166627	0.4064634414273452	0.5454545454545454	0.97442947162274	0.2352941176470588	0.9175	0.9224	1	0.63427734375
2	2561	261182	0.3999999999600001	0.2981423969685015	2.231443166690563e-06	6.311969077470083e-09	0.1418207152733217	0.3645418326693226	0.0735649091479681	0.25	0.72	0.805	1	0.67138671875
3	2868	479508	0.8668778995025025	0.7078028410171759	0.5579742731308717	0.4404890493679932	0.3532009261699499	0.6029654036243821	1.1439995829372365	0.2857142857142857	0.7563	0.8105	0	0.6796875
4	3967	211690	0.8888888886913584	0.7453559923291194	0.4297439963610638	6.030725358915046e-05	0.2815932905957871	0.6666666666666666	1.631652703820333	0.097560975609756	0.7915	0.846	0	0.61669921875
5	4061	432547	0.5999999999400001	0.4472135954527522	2.9240177378852703e-06	7.730551756013783e-09	0.2474260119827873	0.5313588850174217	0.1750675082843575	0.3703703703703703	0.883	0.9062	0	0.572265625
6	4206	285302	0.7499999998750001	0.6396021489578083	0.5892007318015259	0.5491004866774547	0.3149499116620931	0.6297935103244838	1.7067247303983573	0.0	0.792	0.7656	0	0.7001953125
7	4411	421564	0.9131007161162442	0.8167021086121518	0.6468762003321541	0.4192499831752759	0.2841992886682902	0.603960396039604	1.2126724360301266	0.1290322580645161	0.572	0.6963	0	0.8505859375
8	4665	230987	0.695986135145402	0.623896905315061	0.4634123020251626	0.3490391326351546	0.2685941160490322	0.6256410256410255	1.2268630011945385	0.2352941176470588	0.7476	0.797	2	0.73193359375
