	Unnamed: 0	image_id	Bleu_1	Bleu_2	Bleu_3	Bleu_4	METEOR	ROUGE_L	CIDEr	SPICE	CLIPScore	RefCLIPScore	label	newCLIPScore
0	2689	360101	0.4999999998750002	0.3779644729113616	2.876847912547651e-06	8.307018472056666e-09	0.157177338932831	0.465648854961832	0.4124401423584561	0.2666666666666666	0.722	0.8237	0	0.76953125
1	3253	504747	0.8888888887901236	0.8164965808313341	0.724920248577021	0.6606328635126455	0.3903890613358335	0.7134502923976607	1.4779898916953256	0.2857142857142857	0.644	0.7563	0	0.6572265625
