	Unnamed: 0	Unnamed: 0.1	imageId	label	clipScore	Bleu_1	Bleu_2	Bleu_3	Bleu_4	METEOR	ROUGE_L	CIDEr	SPICE
0	0	0	237350	0	0.8765	0.9999999997777782	0.7071067810245025	0.52275795845059	0.3928146508032838	0.3480667434764923	0.6499238964992391	3.030687895226181	0.0
1	1	1	554749	0	0.7466	0.772184789568475	0.6976750598721164	0.5231578871982251	0.3987129845643741	0.3149479217920339	0.5820610687022901	1.1778841076481588	0.4137931034482758
2	2	2	569976	0	0.6377	0.363636363570248	0.2696799449350384	2.0067114593115226e-06	5.637560314144947e-09	0.1093923173995102	0.1921259842519685	0.0377893507640876	0.125
