	Unnamed: 0	Unnamed: 0.1	imageId	label	clipScore	Bleu_1	Bleu_2	Bleu_3	Bleu_4	METEOR	ROUGE_L	CIDEr	SPICE
0	0	0	554037	0	0.6274	0.5833333332847223	0.3256694736110921	2.1971078112918733e-06	5.859059369587253e-09	0.2640799525779094	0.4887820512820512	0.5902677419694053	0.24
1	1	1	360101	0	0.7686	0.4999999998750002	0.3779644729113616	2.876847912547651e-06	8.307018472056666e-09	0.157177338932831	0.465648854961832	0.4124401423584561	0.2666666666666666
