	Unnamed: 0	image_id	Bleu_1	Bleu_2	Bleu_3	Bleu_4	METEOR	ROUGE_L	CIDEr	SPICE	CLIPScore	RefCLIPScore	label	newCLIPScore
0	3567	388677	0.7777777776049386	0.6236095643194133	0.3815714140938462	5.51625153137941e-05	0.2809821541307797	0.6666666666666666	2.115039023012476	0.2666666666666667	0.7793	0.8066	0	0.7333984375
1	4304	212058	0.636363636247934	0.4369314486712234	0.2768182380057799	4.035278636666363e-05	0.1625560049380257	0.4206896551724137	0.7032657439110732	0.2	0.6616	0.7266	0	0.7587890625
2	4817	569976	0.3999999999200002	0.2981423969386873	2.2314431664674195e-06	6.311969076838887e-09	0.1112499227893132	0.2	0.0385700315869234	0.1999999999999999	0.7515	0.815	0	0.625
