	Unnamed: 0	image_id	Bleu_1	Bleu_2	Bleu_3	Bleu_4	METEOR	ROUGE_L	CIDEr	SPICE	CLIPScore	RefCLIPScore	label	newCLIPScore
0	885	209048	0.7777777776049386	0.5400617247435577	3.46680637093004e-06	9.128709289493236e-09	0.2700666517547385	0.5213675213675214	1.3411266637518349	0.24	0.8057	0.883	0	0.705078125
1	1602	85390	0.7499999999375001	0.522232967821596	0.3792447013357651	0.2790159393317029	0.2797981229005299	0.5603674540682415	0.6052989106517834	0.25	0.7466	0.8374	1	0.77099609375
2	1848	187001	0.90909090892562	0.9045340335647188	0.8601386273724309	0.7510499814225223	0.4518899102111748	0.7765205091937766	2.784437709971246	0.0689655172413793	0.7153	0.7817	0	0.74462890625
3	2485	174567	0.7777777776049386	0.6236095643194133	0.4807498566549901	0.3688939731421322	0.3869843205497686	0.7611408199643495	3.2738585829060214	0.2307692307692307	0.7607	0.786	0	0.791015625
4	3789	250344	0.5965595444103445	0.4474196583046513	0.3712807040077886	0.2955801300925461	0.2339850742872667	0.5213675213675214	0.8855650841318177	0.5	0.755	0.8604	0	0.79638671875
5	3811	554445	0.6363636363057852	0.5640760747639226	0.4733525286343405	0.4035278637033205	0.3371415043537311	0.6110183639398998	1.157635065603181	0.1538461538461538	0.659	0.762	20	0.75244140625
