	Unnamed: 0	image_id	Bleu_1	Bleu_2	Bleu_3	Bleu_4	METEOR	ROUGE_L	CIDEr	SPICE	CLIPScore	RefCLIPScore	label	newCLIPScore
0	1989	554037	0.8999999998200003	0.6324555319036713	3.68403149785924e-06	9.19322715022905e-09	0.3521197914502	0.5	0.9654078400304889	0.3571428571428571	0.882	0.929	0	0.70703125
1	2347	385005	0.90909090892562	0.7385489457383579	0.5665163348341703	6.904573081909778e-05	0.379541334223302	0.433392539964476	0.9265411316783873	0.3478260869565218	0.8047	0.8647	0	0.705078125
